Title,Price,Currency,Seller FB,Signals
Sharper Image Powerboost Sport Percussion Handheld Massager: Metal,24.64,USD,750495,9.00
Black & Decker HLVA325JP07 dustbuster furbuster AdvanceClean Pet Vacuum New,59.99,USD,653870,9.00
Logitech G PRO TKL Wired Mechanical GX Blue Clicky Gaming Keyboard w/ RGB,52.99,USD,453660,9.00
"Acer PM1 15.6"" FHD IPS 1080p Portable Monitor 60Hz 5ms USB-C Mini-HDMI PM161Q J",58.05,USD,396007,9.00
6 speeds Massage Gun Percussion Massager Deep Tissue Muscle Vibrating Relax,15.99,USD,350273,9.00
Shark Ip1251 Powerdetect Cordless Stick Vacuum,150.00,USD,179354,9.00
